ID,Brand,Category,Color,Price,Size,Material
1,123,Dress,White,182.0,XS,
2,,Jeans,Black,57.0,XS,Silk
4,Nike,Shoes,,77.0,M,Cotton
5,Adidas,Sweater,White,,M,
6,,Jacket,,19.0,,Nylon
7,Puma,Jacket,Red,31.0,XXL,Polyester
8,Adidas,,Red,46.0,XS,Denim
9,,Dress,Black,97.0,S,
10,Adidas,Jeans,Yellow,80.0,L,Wool
11,Nike,,White,,XL,Silk
12,Puma,Jacket,,150.0,,
13,365,Jacket,White,68.0,S,Nylon
14,Under Armour,,Blue,,XL,Polyester
15,,Jacket,Green,97.0,S,Nylon
16,Under Armour,Jacket,,184.0,XXL,
17,,,Red,98.0,,Cotton
18,Reebok,Shoes,Blue,91.0,XS,
20,789,Shoes,Blue,35.0,XL,Wool
21,Puma,Sweater,,87.0,L,Cotton
22,,Jeans,Green,,,
23,Reebok,Jacket,Black,19.0,L,Denim
24,Puma,,Red,,XXL,Wool
25,,Jacket,Black,125.0,L,Denim
26,Adidas,,White,89.0,,
28,,Shoes,Blue,92.0,M,Cotton
29,Adidas,T-shirt,,109.0,XS,Denim
30,Reebok,Sweater,Yellow,187.0,S,Denim
31,,,Yellow,,XL,Nylon
32,356,T-shirt,Blue,157.0,M,Wool
33,Reebok,Jeans,,157.0,M,
34,,Shoes,Black,152.0,M,Cotton
35,Under Armour,,Red,177.0,XL,Polyester
36,Puma,Sweater,White,,M,Polyester
37,,Jeans,,19.0,M,Wool
38,Under Armour,Shoes,Black,195.0,XL,
39,Nike,Dress,Yellow,137.0,XS,Silk
40,,,Yellow,42.0,XXL,Polyester
41,Adidas,Jacket,Yellow,,M,Silk
42,,Shoes,White,161.0,S,Nylon
43,Adidas,Jacket,,173.0,,Nylon
44,New Balance,Shoes,Blue,124.0,XL,
45,Adidas,,Black,,XS,Wool
46,Nike,Jacket,Black,38.0,XS,Silk
47,,Dress,Red,44.0,L,
49,Nike,,White,138.0,XS,Silk
50,,Shoes,Black,174.0,,
51,Under Armour,Jacket,,63.0,XXL,Cotton
52,Puma,,Green,143.0,M,Nylon
53,Puma,Shoes,Yellow,48.0,XL,Cotton
54,New Balance,Jacket,White,,XS,Silk
55,,Jacket,,89.0,XL,
56,New Balance,Sweater,Black,142.0,L,Nylon
58,,Sweater,Red,52.0,L,Nylon
59,Reebok,T-shirt,,,L,Wool
60,,Jacket,Green,41.0,XXL,Silk
61,Adidas,,Green,130.0,XXL,Cotton
62,Under Armour,Jacket,,11.0,,
63,New Balance,Jacket,Red,75.0,XL,Cotton
65,,Jacket,White,67.0,,Cotton
66,Under Armour,Dress,Black,,S,Cotton
67,108,T-shirt,,112.0,M,
68,Puma,Jeans,Blue,129.0,XXL,Silk
69,,Shoes,White,21.0,L,Cotton
70,Under Armour,,Blue,184.0,,
71,Reebok,Sweater,White,,XS,Cotton
72,,Shoes,Green,101.0,XXL,Wool
73,Reebok,T-shirt,Yellow,138.0,XXL,Silk
74,New Balance,T-shirt,Yellow,152.0,XL,Wool
75,Under Armour,,Yellow,,,Cotton
76,,Sweater,White,63.0,XS,Silk
77,New Balance,Dress,Yellow,150.0,XS,Silk
78,Under Armour,,Red,131.0,XXL,
79,Puma,Shoes,,180.0,L,Nylon
80,Adidas,Jeans,White,,L,Polyester
81,,,Yellow,78.0,XS,Polyester
82,Under Armour,Dress,Blue,16.0,L,Cotton
83,New Balance,,White,57.0,XXL,
84,New Balance,Shoes,,137.0,S,Silk
85,Under Armour,Jacket,White,141.0,,Nylon
86,Adidas,Dress,Red,110.0,XL,Polyester
87,,,Green,190.0,L,
88,Nike,Shoes,,88.0,L,Nylon
89,Reebok,Jeans,Blue,,L,Wool
90,Under Armour,Sweater,Blue,158.0,XS,Cotton
91,Under Armour,Jacket,White,196.0,XXL,Silk
92,,Jeans,Red,33.0,XXL,
93,Puma,,Blue,151.0,S,Nylon
94,New Balance,Jeans,,,,Wool
95,Reebok,Dress,Red,95.0,L,Denim
96,Nike,Jacket,Yellow,58.0,S,
97,New Balance,,Yellow,59.0,S,Wool
98,Nike,Sweater,,79.0,XS,Cotton
99,,Jeans,Black,179.0,L,Polyester
100,Nike,Jacket,Green,173.0,S,
101,Puma,,Blue,105.0,,Cotton
102,Under Armour,Shoes,,,L,Nylon
103,,Jeans,Green,10.0,XXL,Nylon
104,New Balance,Sweater,Red,123.0,M,Denim
105,Under Armour,Sweater,Black,188.0,,Wool
106,Adidas,Jeans,,,L,Silk
107,Under Armour,Sweater,Green,172.0,XXL,Wool
108,,,Black,58.0,XS,Denim
109,Nike,Sweater,Blue,103.0,,Wool
110,New Balance,,Green,141.0,XL,Silk
111,Reebok,Dress,,108.0,XS,Denim
112,,T-shirt,Red,52.0,XS,Silk
113,New Balance,Shoes,Blue,122.0,XS,Wool
114,Adidas,,,,M,Nylon
115,Reebok,Jeans,Black,137.0,XL,Polyester
116,,Jeans,Yellow,10.0,XS,Silk
117,Adidas,Jeans,White,,XXL,Polyester
118,Under Armour,Jeans,Blue,124.0,,
119,Puma,Sweater,Yellow,53.0,M,Silk
120,New Balance,T-shirt,Green,196.0,XL,Cotton
121,Puma,Jeans,Red,,XXL,Cotton
122,,,,33.0,,Wool
123,Nike,Sweater,White,197.0,XS,Polyester
124,Adidas,T-shirt,Red,140.0,L,
125,Nike,Shoes,White,,XL,Wool
126,,Sweater,Blue,108.0,XXL,Wool
127,Adidas,Jacket,,72.0,,
128,Reebok,,Blue,173.0,XS,Denim
129,Nike,Dress,Red,,XS,Nylon
130,Nike,Shoes,Yellow,92.0,XS,Polyester
131,New Balance,T-shirt,Red,184.0,L,Silk
132,,Sweater,,158.0,XXL,Wool
133,Under Armour,T-shirt,Green,60.0,L,
134,Puma,Jacket,Black,165.0,,Cotton
135,Nike,Dress,Green,24.0,XL,Nylon
136,Reebok,Shoes,,51.0,M,Denim
137,,Sweater,White,68.0,XL,
138,New Balance,,Yellow,,,Wool
139,Under Armour,Jacket,,20.0,S,Nylon
140,Under Armour,Dress,Green,96.0,XL,
141,,,Black,,,Nylon
142,Reebok,T-shirt,Black,114.0,XXL,Silk
143,New Balance,Jacket,,,XXL,Silk
144,Puma,,Black,12.0,XXL,Cotton
145,,,Blue,61.0,,
146,Adidas,T-shirt,White,90.0,S,Polyester
147,Nike,,Red,,XS,Denim
148,,Jacket,,192.0,M,Wool
149,Under Armour,Jacket,White,138.0,L,
150,Nike,,Yellow,48.0,,Cotton
151,Nike,Dress,Yellow,29.0,XL,
152,Adidas,,Red,184.0,XXL,Nylon
153,,Jeans,Blue,52.0,S,
154,Nike,Dress,,125.0,XXL,Nylon
155,Under Armour,Shoes,Black,,,Silk
156,Under Armour,,Black,198.0,S,Silk
157,Puma,Jeans,Red,87.0,M,Wool
158,Puma,Jeans,Yellow,,XL,
159,486,Sweater,,34.0,,Wool
161,Under Armour,Jacket,Black,12.0,L,Nylon
162,Nike,T-shirt,Yellow,13.0,S,
163,,Shoes,,104.0,,Polyester
164,Puma,Sweater,Green,,M,Cotton
165,Nike,Sweater,Yellow,23.0,XS,
166,Reebok,,,122.0,,Polyester
167,New Balance,Jacket,Red,50.0,XS,Denim
168,,Shoes,Yellow,,M,Wool
169,Reebok,T-shirt,Green,29.0,S,
170,Reebok,,Red,105.0,,Silk
171,Under Armour,Shoes,,82.0,XL,Denim
172,,Jacket,Green,,S,
173,Under Armour,Dress,Red,190.0,S,Nylon
174,Reebok,,Green,77.0,,Wool
175,New Balance,Jacket,,,XL,
176,,Sweater,Red,24.0,S,Silk
177,New Balance,Jacket,Black,106.0,L,Nylon
178,589,Shoes,Red,14.0,M,
179,Puma,T-shirt,Yellow,149.0,XXL,Polyester
180,Reebok,Shoes,,,L,Denim
181,Reebok,Jeans,Green,131.0,XXL,
182,Adidas,Jeans,Yellow,119.0,S,Silk
183,,Jeans,Black,,,Cotton
184,Adidas,,Green,194.0,XS,Polyester
185,Adidas,Jeans,Green,26.0,XL,
186,,Sweater,White,162.0,XXL,Denim
187,Adidas,,Black,,,Polyester
188,Puma,Shoes,,159.0,XL,Wool
189,536,Dress,Green,120.0,XS,
190,,Dress,Red,35.0,M,Silk
191,Adidas,Jacket,Blue,198.0,,Denim
192,Reebok,,,131.0,M,Cotton
193,Nike,Dress,Blue,,S,
194,,T-shirt,Green,127.0,S,Polyester
195,Puma,,White,199.0,XL,Cotton
196,Puma,Sweater,,93.0,XS,Nylon
197,Nike,Dress,Blue,,XS,Denim
198,New Balance,,White,114.0,L,Wool
199,,Sweater,White,170.0,M,
200,New Balance,T-shirt,Red,131.0,XXL,Nylon
201,Nike,T-shirt,Black,,M,Wool
202,Puma,T-shirt,Black,41.0,S,Silk
203,Reebok,Sweater,Blue,23.0,S,Wool
204,Under Armour,Shoes,Red,81.0,M,Wool
205,Adidas,Dress,White,194.0,L,
206,Adidas,Dress,White,162.0,S,Polyester
207,Under Armour,Shoes,Black,89.0,S,Cotton
208,Under Armour,,Blue,51.0,XXL,Wool
209,Nike,Jeans,Blue,28.0,L,Polyester
210,Puma,Shoes,Yellow,50.0,XXL,Nylon
211,Reebok,,,192.0,XXL,Denim
212,Adidas,Dress,,21.0,XL,Silk
213,,Shoes,Blue,,M,
214,New Balance,Jacket,Yellow,121.0,XS,Silk
215,New Balance,Jeans,White,103.0,XS,Polyester
216,Under Armour,,,139.0,,Nylon
217,Under Armour,Jacket,Blue,,XS,Polyester
218,,,Black,54.0,XS,Silk
219,New Balance,T-shirt,Green,135.0,XL,
220,Reebok,T-shirt,Black,34.0,M,Polyester
221,,,,77.0,,Cotton
222,Reebok,T-shirt,Red,13.0,XS,Wool
223,Adidas,,Black,,L,Wool
224,Nike,Jeans,White,199.0,XS,Cotton
225,,,,53.0,XL,Nylon
226,Adidas,Jeans,Yellow,42.0,,
227,Nike,Jacket,Red,21.0,L,Denim
228,Under Armour,,Red,114.0,XS,Wool
229,,Sweater,Red,148.0,XL,Nylon
230,Puma,,,192.0,XS,
231,Nike,Shoes,White,,,Silk
232,Adidas,Shoes,Black,135.0,L,Cotton
233,,Jacket,Yellow,166.0,XL,Wool
234,Adidas,,,121.0,M,
235,Under Armour,Jacket,Green,,,Silk
236,,Shoes,Red,37.0,M,Denim
237,New Balance,Dress,Blue,161.0,M,
238,Under Armour,Jeans,Yellow,,,Polyester
239,,,Red,61.0,M,Nylon
240,Puma,Shoes,,184.0,XL,
241,Reebok,Dress,White,,L,
242,,Sweater,Yellow,191.0,M,Denim
243,Puma,Jacket,Black,39.0,S,
244,Reebok,,Yellow,77.0,,Cotton
245,Nike,,,45.0,S,Wool
246,Adidas,Jacket,Blue,49.0,XS,
247,,Shoes,Green,,M,
248,New Balance,,Green,83.0,S,Cotton
249,Under Armour,Shoes,,51.0,,Wool
250,Under Armour,Shoes,Yellow,161.0,XL,
251,,Dress,Yellow,141.0,L,Silk
252,Nike,,Green,56.0,XS,Polyester
253,Nike,Jacket,,,L,Silk
254,,Shoes,White,118.0,,
255,Reebok,T-shirt,Yellow,13.0,XL,
256,Puma,,,,XXL,Wool
257,Puma,Jeans,Black,19.0,S,Silk
258,Adidas,Jacket,Yellow,148.0,,Wool
259,,Dress,Blue,,L,Silk
260,,Jeans,,183.0,M,
261,Nike,,Green,177.0,,Wool
262,Under Armour,Dress,Blue,71.0,S,Polyester
263,Reebok,T-shirt,Green,95.0,XS,Nylon
264,Reebok,Jacket,,107.0,,Cotton
265,,,Blue,54.0,XXL,
266,Reebok,Jacket,,44.0,L,Denim
267,Under Armour,Sweater,Red,,S,Denim
268,Under Armour,,Blue,98.0,M,
269,,Sweater,White,43.0,L,Wool
270,Nike,Jeans,Yellow,143.0,,Wool
271,Nike,Sweater,,,XL,Polyester
272,Reebok,Shoes,Green,10.0,XXL,Cotton
273,,,Black,44.0,S,
274,Reebok,Jacket,Red,136.0,XS,Denim
275,New Balance,Jacket,,191.0,,Cotton
276,New Balance,T-shirt,White,90.0,XXL,Cotton
277,,,White,146.0,S,Nylon
278,Puma,Dress,Yellow,,XS,
279,Reebok,Jeans,,139.0,,Polyester
280,Reebok,Dress,Red,122.0,XS,Polyester
281,Adidas,Jeans,Red,45.0,M,Denim
282,,,Black,,L,
283,Nike,Jacket,,101.0,,Polyester
284,Reebok,,Yellow,,XL,Wool
285,Adidas,Jeans,,,,Wool
286,Reebok,,Yellow,46.0,XS,Polyester
287,Nike,T-shirt,Red,186.0,XS,
288,103,Shoes,,,L,Nylon
289,New Balance,,Black,77.0,,Silk
290,New Balance,Jacket,Blue,113.0,XXL,
291,Under Armour,T-shirt,Black,,XXL,Silk
292,Nike,Shoes,,124.0,S,Cotton
293,968,,Yellow,40.0,L,Cotton
294,Adidas,Jeans,White,39.0,,
295,Adidas,Sweater,White,,XXL,Silk
296,Adidas,Jeans,White,156.0,XXL,Polyester
297,,,,27.0,XL,Polyester
298,Adidas,Dress,Yellow,94.0,XL,
299,705,Jeans,Red,12.0,,Denim
300,Adidas,Dress,Blue,79.0,S,Denim
301,Reebok,T-shirt,,,XL,Silk
302,,,Red,150.0,XS,Denim
303,Under Armour,Dress,Yellow,54.0,,
304,Reebok,Jacket,White,127.0,XXL,Wool
305,Under Armour,Dress,,76.0,XXL,Cotton
306,Reebok,,Black,,,Denim
307,Puma,Sweater,,101.0,M,Silk
308,Under Armour,T-shirt,White,95.0,XS,Cotton
309,Reebok,Sweater,Yellow,177.0,XS,Nylon
310,,Shoes,,,,
311,New Balance,Shoes,Green,160.0,L,Cotton
312,,,Yellow,168.0,XS,Nylon
313,Reebok,Jacket,Blue,155.0,XL,
314,Nike,T-shirt,,28.0,XS,Nylon
315,Adidas,Jeans,Yellow,102.0,S,Cotton
316,,,Blue,53.0,XL,Denim
317,New Balance,Jeans,Yellow,93.0,XS,
318,Under Armour,T-shirt,White,187.0,XXL,Cotton
319,Under Armour,,,,L,Wool
320,,Jacket,Black,103.0,,Denim
321,New Balance,Sweater,Green,184.0,L,Polyester
322,Under Armour,T-shirt,Blue,159.0,XL,
323,,Sweater,,99.0,,Nylon
324,Reebok,Sweater,White,,XL,Denim
325,Nike,,Black,38.0,XL,Polyester
326,New Balance,Jacket,Red,115.0,L,
327,Puma,Shoes,Yellow,196.0,,Nylon
328,Puma,Dress,,,L,Nylon
329,New Balance,,Red,73.0,L,Denim
330,Adidas,Dress,Red,26.0,XS,
331,New Balance,T-shirt,Blue,,,
332,New Balance,Jeans,White,174.0,L,Silk
333,Puma,Sweater,Red,104.0,M,Denim
334,,Shoes,White,34.0,S,
335,Puma,Dress,White,126.0,XL,Wool
336,Nike,T-shirt,Yellow,61.0,XL,Denim
337,Nike,Jacket,White,146.0,XL,Nylon
338,Reebok,Shoes,White,194.0,XS,Denim
339,Puma,Shoes,Yellow,101.0,XS,Silk
340,Under Armour,T-shirt,White,103.0,S,Wool
341,New Balance,Jacket,Yellow,133.0,XXL,
342,Adidas,Jeans,Black,97.0,S,Wool
343,Under Armour,Jeans,Red,170.0,L,Denim
344,Puma,Shoes,Yellow,157.0,XS,Denim
345,Puma,Dress,Black,82.0,XL,
346,Under Armour,Jacket,Yellow,97.0,L,Nylon
347,Reebok,Jacket,Yellow,23.0,M,Cotton
348,Puma,Shoes,Blue,68.0,M,Silk
349,Reebok,Jeans,Yellow,91.0,XXL,Denim
350,New Balance,Shoes,Yellow,130.0,S,Nylon
351,New Balance,Shoes,Yellow,126.0,XS,Denim
352,Adidas,T-shirt,Yellow,193.0,XS,Nylon
353,Puma,T-shirt,Yellow,74.0,M,Cotton
354,Under Armour,Dress,Green,174.0,S,Wool
355,Reebok,Jeans,Green,35.0,S,Silk
356,Adidas,Jeans,Black,42.0,XS,Cotton
357,Nike,Sweater,White,180.0,XXL,Silk
358,Adidas,Shoes,Black,24.0,XS,Nylon
359,Reebok,Dress,Black,38.0,M,Silk
360,Puma,Jeans,Green,30.0,XXL,Wool
361,Puma,Sweater,White,78.0,XL,Polyester
362,Nike,Jacket,Black,32.0,S,Silk
363,Reebok,Shoes,Blue,132.0,XS,Polyester
364,Puma,Sweater,Red,93.0,XXL,Wool
365,Puma,Jeans,Blue,145.0,XXL,Cotton
366,Reebok,T-shirt,Red,71.0,S,Denim
367,Adidas,Dress,White,151.0,XXL,Silk
368,New Balance,Jacket,Red,15.0,XL,Silk
369,Under Armour,Shoes,Yellow,10.0,M,Silk
370,Adidas,T-shirt,Black,146.0,XL,Silk
371,Reebok,Dress,Red,191.0,M,Polyester
372,New Balance,Jacket,Yellow,149.0,S,Wool
373,Adidas,Jacket,Blue,14.0,L,Polyester
374,Puma,Shoes,Yellow,177.0,S,Nylon
375,New Balance,Shoes,Red,102.0,L,Nylon
376,New Balance,Jeans,Yellow,183.0,XXL,Cotton
377,Reebok,Sweater,Yellow,36.0,S,Cotton
378,Puma,Shoes,Blue,84.0,XXL,Silk
379,Puma,T-shirt,Blue,62.0,XL,Nylon
380,Puma,Shoes,White,187.0,M,Polyester
381,New Balance,Sweater,Red,61.0,S,Wool
382,Adidas,Jeans,White,115.0,XXL,Nylon
383,Under Armour,Jeans,White,28.0,XS,Nylon
384,Nike,T-shirt,Yellow,127.0,M,Polyester
385,Under Armour,Jacket,Green,44.0,XL,Nylon
386,Nike,Dress,Yellow,61.0,S,Denim
387,Reebok,Jacket,,168.0,XXL,Polyester
388,Under Armour,,Green,191.0,M,Denim
389,New Balance,Shoes,White,,XS,
390,Nike,T-shirt,Yellow,181.0,M,Polyester
391,Puma,,,65.0,S,Polyester
392,,Shoes,Red,28.0,XS,
393,Under Armour,,Yellow,,S,Nylon
394,Adidas,T-shirt,,97.0,L,Wool
395,Reebok,Dress,Red,80.0,M,
396,,Shoes,Green,63.0,XXL,Denim
397,Puma,Jeans,,,XS,Wool
398,New Balance,Jacket,Red,104.0,S,Denim
399,Puma,,White,69.0,L,Polyester
400,,Sweater,Blue,90.0,S,
401,534,Dress,Green,,,Wool
402,Reebok,Shoes,White,134.0,M,Silk
403,Under Armour,,Red,173.0,M,Silk
404,New Balance,Dress,Yellow,68.0,L,
405,,Sweater,Red,,,Denim
406,Nike,,Red,116.0,M,Nylon
407,Nike,Shoes,Red,54.0,XS,Polyester
408,Puma,Jacket,Blue,23.0,XXL,
409,Under Armour,,Black,131.0,,Denim
410,,Jacket,White,,M,Cotton
411,863,Jacket,Yellow,48.0,XXL,Cotton
412,New Balance,T-shirt,Blue,177.0,,
413,Puma,,Red,,XS,Cotton
414,,Dress,Yellow,23.0,S,Silk
415,Nike,Jacket,Blue,145.0,XS,Silk
416,Nike,Jacket,Green,32.0,XS,Silk
418,Reebok,Dress,White,18.0,XS,Wool
419,Nike,T-shirt,,16.0,XL,
420,,,Black,,,Nylon
421,Reebok,Jeans,Yellow,154.0,XL,Silk
422,Puma,,Yellow,66.0,XL,Polyester
423,Nike,T-shirt,White,,M,Polyester
424,,Jeans,,161.0,,
426,Nike,Sweater,White,14.0,XXL,Cotton
427,Nike,Sweater,Red,,XXL,Polyester
428,Nike,,Yellow,,,Wool
429,Reebok,Jacket,,97.0,XL,
430,,Shoes,Green,40.0,XXL,
431,Under Armour,,Black,64.0,XS,Polyester
432,Puma,Jacket,Red,,,Polyester
433,Under Armour,Jeans,Blue,30.0,XL,Denim
434,New Balance,Jacket,,107.0,XL,
435,Puma,,Red,111.0,M,
437,Under Armour,Sweater,Yellow,161.0,M,Denim
438,New Balance,Jeans,,,,
439,Nike,,Green,39.0,L,Nylon
440,,Dress,Blue,171.0,XXL,Polyester
441,,Jacket,Black,,XL,
442,Adidas,Shoes,Red,,S,Denim
443,Adidas,T-shirt,Black,129.0,XL,Nylon
444,Puma,Jacket,Green,189.0,XXL,Wool
445,Reebok,,Blue,96.0,L,Polyester
446,Reebok,T-shirt,Black,,XXL,Polyester
447,,Jeans,Green,115.0,L,Silk
448,Reebok,,,147.0,,Polyester
449,New Balance,Jacket,Black,,S,Wool
450,Nike,T-shirt,Red,138.0,XS,Polyester
451,,,,93.0,XL,Cotton
452,Puma,Sweater,Red,130.0,XL,Silk
453,Adidas,Sweater,,174.0,,
454,,,Red,158.0,XS,Polyester
455,Nike,Jeans,White,127.0,S,Silk
456,Under Armour,T-shirt,,13.0,XL,Cotton
457,Adidas,Dress,White,136.0,,Denim
458,,Jeans,Black,52.0,XXL,Silk
459,Adidas,,Black,75.0,XXL,Wool
460,Under Armour,Sweater,Red,,L,Wool
461,Adidas,,,46.0,XS,Cotton
462,,Shoes,Black,78.0,L,Polyester
463,Adidas,Shoes,Black,122.0,XXL,
464,Reebok,Jeans,,185.0,L,Nylon
465,New Balance,,Green,148.0,XL,Cotton
466,,Sweater,,114.0,S,Silk
467,Puma,Dress,Yellow,101.0,,
468,Under Armour,Jacket,Red,53.0,S,Cotton
469,Nike,T-shirt,,,XL,Nylon
470,,,Black,169.0,XXL,Wool
471,Under Armour,Shoes,,158.0,,
472,Puma,T-shirt,Blue,19.0,S,Denim
473,New Balance,Shoes,Red,198.0,L,Wool
474,Reebok,Shoes,Black,101.0,L,Polyester
475,Nike,Shoes,Yellow,121.0,XXL,Denim
476,Nike,Jacket,,173.0,M,Denim
477,Puma,Dress,White,93.0,XS,Polyester
478,Adidas,Sweater,White,86.0,,Denim
479,Under Armour,Jacket,,28.0,XL,Wool
480,Under Armour,,Black,123.0,L,Nylon
481,,Dress,Black,84.0,S,Cotton
482,Under Armour,T-shirt,,181.0,S,
483,Nike,,Black,141.0,M,Polyester
484,Reebok,Jeans,Yellow,,XS,Wool
485,,T-shirt,,68.0,S,Denim
486,Nike,Shoes,Black,139.0,,Silk
487,Puma,T-shirt,Green,123.0,L,Cotton
488,Under Armour,Dress,White,,XXL,Cotton
489,,Jeans,,49.0,S,
490,New Balance,,Black,34.0,XL,
491,,Sweater,Blue,196.0,S,
492,Puma,Sweater,,,S,Nylon
493,New Balance,Dress,Green,109.0,XS,Cotton
494,,Shoes,Yellow,79.0,XL,Wool
495,Reebok,,Blue,144.0,,Denim
496,Under Armour,Jeans,,,XL,Cotton
497,,T-shirt,Black,131.0,M,Denim
498,Reebok,Shoes,Blue,178.0,XS,Cotton
499,Adidas,Jacket,,198.0,XS,Nylon
500,Nike,Jeans,Blue,,XXL,Denim
501,Puma,,Yellow,38.0,XXL,
502,Puma,Sweater,,,L,Cotton
503,New Balance,Jacket,Green,36.0,,Denim
504,,,White,,S,Wool
505,Adidas,T-shirt,Red,189.0,XL,
506,Puma,T-shirt,Green,191.0,,Cotton
507,Puma,Dress,Blue,171.0,XL,Polyester
508,Under Armour,Shoes,Black,,XL,Silk
509,Nike,Sweater,Yellow,135.0,XL,Cotton
510,Under Armour,Dress,Blue,104.0,XL,Wool
511,Reebok,Sweater,Blue,82.0,XL,Wool
512,New Balance,Dress,,94.0,,Polyester
513,Under Armour,,Green,145.0,XS,Cotton
514,Adidas,Jeans,Black,118.0,XXL,Cotton
515,,,Green,77.0,XL,Cotton
516,Adidas,Jacket,Red,,XL,Wool
517,Nike,Sweater,Black,94.0,M,
518,Nike,Shoes,Yellow,81.0,XL,Nylon
519,Nike,,Red,,XL,Polyester
520,Puma,T-shirt,Blue,10.0,XXL,
521,,T-shirt,,,XL,Silk
522,Under Armour,Dress,Green,101.0,S,Denim
524,New Balance,Jacket,Black,168.0,S,Nylon
525,,T-shirt,Green,17.0,S,Silk
526,Under Armour,Dress,,,XL,Polyester
527,Adidas,,Blue,146.0,,
528,New Balance,Dress,Blue,181.0,S,Wool
529,Nike,Shoes,,56.0,L,Cotton
530,,Jeans,Black,10.0,S,Nylon
531,Adidas,Dress,Black,114.0,M,
533,Reebok,Jacket,White,48.0,XXL,Silk
534,,Dress,Green,99.0,M,Silk
535,Puma,Jacket,Green,84.0,M,
536,Nike,Dress,,133.0,,Cotton
537,Under Armour,,Yellow,97.0,M,Wool
538,,Shoes,,,M,Wool
539,Reebok,Jeans,Yellow,93.0,XS,Denim
540,Reebok,Sweater,,36.0,S,Polyester
541,Adidas,Sweater,Green,42.0,XS,Nylon
542,New Balance,Sweater,,125.0,,Cotton
543,,Dress,Black,107.0,S,Wool
544,New Balance,,Green,182.0,M,
545,Adidas,T-shirt,White,,XXL,Denim
546,New Balance,T-shirt,,67.0,S,Silk
547,,,White,188.0,,Cotton
548,Puma,Shoes,Yellow,,S,Nylon
549,New Balance,Sweater,Green,142.0,XL,Wool
550,Reebok,,,,XS,
551,,Sweater,Green,103.0,S,Denim
552,Reebok,Jacket,White,101.0,,
553,Puma,,Red,,S,Polyester
554,Puma,Jeans,Yellow,173.0,XXL,Polyester
555,New Balance,Dress,,158.0,L,Wool
556,,Dress,Yellow,183.0,,Cotton
557,Under Armour,,Yellow,,XS,Denim
558,Under Armour,Dress,Green,,L,
559,Under Armour,,,174.0,XXL,Denim
560,,Jeans,Red,,,Nylon
561,Nike,Shoes,Green,,M,Wool
562,Nike,,White,168.0,S,Nylon
563,New Balance,Jeans,Yellow,,XS,
564,Nike,Shoes,,97.0,S,Silk
565,Adidas,Shoes,Blue,173.0,M,Wool
566,Nike,,White,,S,Polyester
567,,Jacket,Black,193.0,S,Cotton
568,Adidas,T-shirt,,36.0,,Nylon
569,Reebok,Shoes,Black,128.0,M,Silk
570,Nike,Jeans,Yellow,,L,
571,Puma,,Blue,108.0,L,Denim
572,New Balance,Jeans,Black,100.0,XS,Silk
573,Under Armour,Sweater,,61.0,XXL,Nylon
574,Adidas,Sweater,Red,56.0,XXL,Wool
575,New Balance,,Green,71.0,XS,Cotton
576,Reebok,Jeans,White,198.0,,Polyester
577,,Dress,Black,57.0,XS,Cotton
578,Under Armour,T-shirt,Green,114.0,XS,Nylon
579,Puma,Dress,,138.0,L,Denim
581,New Balance,Shoes,Green,151.0,L,Cotton
582,,T-shirt,,81.0,S,Silk
583,Nike,Sweater,White,104.0,M,Cotton
584,Adidas,,Red,16.0,XL,Nylon
585,Reebok,Jeans,Blue,183.0,,Denim
586,Nike,,,168.0,XS,Silk
587,,Shoes,Black,25.0,M,
588,Adidas,Shoes,Blue,179.0,XL,Cotton
590,Nike,Sweater,Yellow,63.0,M,Silk
591,,Dress,Red,,XS,Cotton
592,Reebok,Sweater,,92.0,XXL,
593,Adidas,,Yellow,145.0,XS,Polyester
594,Reebok,Dress,,75.0,M,Nylon
595,Nike,Jeans,Red,,XXL,
596,,Shoes,Red,76.0,,
597,Nike,Jacket,Black,124.0,L,Wool
598,New Balance,,,102.0,M,Cotton
599,Nike,Jeans,Green,,S,Polyester
600,Nike,T-shirt,White,110.0,XL,
601,,Sweater,Blue,169.0,XS,Wool
602,Under Armour,Sweater,,,XS,Nylon
603,Adidas,,Green,184.0,M,
604,Puma,Jacket,Blue,,XL,
605,,Jacket,White,124.0,,Silk
606,Nike,Dress,,171.0,L,Nylon
607,New Balance,Shoes,Green,22.0,M,Silk
608,Nike,,Green,90.0,,
609,Puma,Jeans,Blue,,XS,Polyester
610,,Jeans,,135.0,XXL,Wool
611,Under Armour,Jacket,Black,148.0,S,Cotton
612,New Balance,Dress,White,122.0,L,
613,Nike,,Black,165.0,XXL,Nylon
614,Puma,Dress,,,XXL,Polyester
615,,Jeans,Blue,130.0,XXL,Denim
616,New Balance,,White,75.0,S,Nylon
617,Nike,Shoes,,,L,
618,Puma,,Black,44.0,XS,Polyester
619,Adidas,Shoes,,13.0,XXL,
620,,Jacket,White,198.0,XXL,Wool
621,Nike,Jacket,Red,175.0,XXL,Denim
622,Reebok,,Green,181.0,M,
623,New Balance,Jacket,Blue,98.0,XS,Denim
624,Adidas,Shoes,,,S,Denim
625,,Jacket,Red,158.0,S,Wool
626,Reebok,Dress,Green,144.0,M,Polyester
627,Under Armour,Jacket,Black,38.0,XXL,Polyester
628,Under Armour,,,125.0,XL,Cotton
630,Adidas,Sweater,Blue,76.0,S,
631,Nike,Jeans,Blue,102.0,XL,Nylon
632,Under Armour,T-shirt,,112.0,XL,
633,,Dress,Blue,,,Nylon
634,Reebok,Jeans,Red,133.0,S,Cotton
635,Reebok,,Blue,119.0,XL,
636,Under Armour,Jeans,,,S,Nylon
637,Puma,Jacket,Green,110.0,,Nylon
638,,,Green,192.0,XS,Polyester
639,Under Armour,Dress,,87.0,XS,
641,Adidas,Jacket,White,169.0,XS,Silk
642,,,Blue,,L,Silk
643,Reebok,Shoes,,45.0,,Denim
644,Under Armour,Jeans,Blue,146.0,M,
645,Puma,,Red,35.0,XS,Polyester
646,,Sweater,Yellow,,S,Denim
647,Nike,Jacket,,183.0,,Wool
648,Adidas,Jacket,Green,154.0,XL,Polyester
649,Nike,,Black,,L,
650,,Jacket,Blue,129.0,S,Polyester
651,New Balance,Shoes,,,,Nylon
652,Under Armour,Shoes,Black,137.0,XL,Polyester
653,New Balance,,Black,,XL,
654,Puma,T-shirt,,,M,Cotton
655,,,Red,150.0,S,Silk
656,Nike,Sweater,Red,100.0,,Cotton
657,,Dress,Blue,84.0,M,Cotton
658,Reebok,,Red,,M,Nylon
659,Nike,Dress,,88.0,L,Cotton
660,Under Armour,Jacket,Blue,72.0,XL,Polyester
661,Nike,T-shirt,Black,82.0,XL,
662,Adidas,Jacket,Black,55.0,S,Cotton
663,Puma,,,,,Cotton
664,Under Armour,Shoes,Red,57.0,L,Polyester
665,New Balance,Sweater,White,197.0,L,Denim
666,Reebok,Dress,Green,180.0,L,Cotton
667,,Shoes,Green,148.0,M,Silk
668,Puma,Jeans,White,67.0,XS,Cotton
669,Adidas,Sweater,Black,,XS,Cotton
670,Under Armour,Sweater,White,141.0,S,Cotton
671,,Dress,Red,135.0,XXL,Silk
672,Under Armour,Sweater,Black,,M,Silk
673,Reebok,Dress,Yellow,196.0,XXL,
674,New Balance,Sweater,Black,142.0,,Silk
675,,,,27.0,XS,Cotton
676,Adidas,Dress,Red,104.0,XL,
677,New Balance,Jeans,Black,162.0,XS,Wool
678,Nike,,White,141.0,,Wool
679,,Sweater,Black,,M,Cotton
680,Nike,Shoes,Green,178.0,XXL,Nylon
681,Puma,,,174.0,L,
682,Under Armour,Shoes,White,68.0,,Silk
684,,Sweater,Red,193.0,XS,
685,Reebok,,Green,,S,Denim
686,New Balance,Shoes,,171.0,XS,
687,,Shoes,Blue,156.0,,Polyester
688,Reebok,,White,,S,
689,Under Armour,Jacket,Blue,145.0,S,Wool
691,Under Armour,Jeans,Green,,,Polyester
692,,,Yellow,137.0,S,Polyester
693,Nike,T-shirt,,171.0,XL,Nylon
694,Adidas,Jacket,Blue,91.0,M,Silk
695,Adidas,T-shirt,White,167.0,,Cotton
696,,T-shirt,Green,22.0,L,Polyester
697,Reebok,,White,,XS,Silk
698,Reebok,T-shirt,,56.0,,Cotton
699,Puma,Dress,White,128.0,XL,Polyester
700,Puma,Jacket,Green,42.0,S,Silk
701,Reebok,Sweater,Black,44.0,S,Denim
702,Adidas,,Green,125.0,XL,Polyester
703,,Jeans,Green,,M,Wool
704,Puma,Jacket,Red,134.0,XL,Silk
705,,Jeans,Black,163.0,XS,Nylon
706,Nike,Shoes,White,184.0,XXL,Nylon
707,New Balance,,Yellow,117.0,XL,Denim
708,Puma,Sweater,White,,XXL,Cotton
709,Adidas,Dress,White,120.0,L,Wool
710,Reebok,,,74.0,,
711,Adidas,Sweater,Green,86.0,XL,Cotton
712,New Balance,T-shirt,Green,128.0,,Nylon
713,,Jacket,,83.0,XS,
714,Nike,,Red,156.0,M,Denim
715,Puma,Jacket,White,14.0,XS,Wool
716,Under Armour,Jacket,Blue,17.0,XS,
718,Reebok,,Green,58.0,XL,
719,Under Armour,Jeans,Red,86.0,XL,Polyester
720,Puma,Sweater,,47.0,XS,Silk
722,Adidas,,Yellow,,XS,Denim
723,Adidas,Dress,,119.0,XS,
724,Under Armour,T-shirt,White,189.0,XXL,Cotton
725,,T-shirt,Blue,59.0,M,Nylon
726,Adidas,,,81.0,,Silk
727,Adidas,Dress,White,,XS,Nylon
728,,Dress,,187.0,XXL,
729,Adidas,Jacket,White,39.0,M,Cotton
730,Under Armour,Jeans,Green,13.0,XS,Wool
731,Nike,Dress,Black,84.0,XS,Denim
732,Under Armour,,Yellow,94.0,L,Wool
733,Adidas,Shoes,Green,,,Wool
734,,T-shirt,,129.0,M,Denim
735,Reebok,T-shirt,White,30.0,M,
736,Reebok,Dress,White,52.0,L,Denim
737,Under Armour,,,38.0,M,Polyester
738,New Balance,Dress,White,164.0,XXL,Nylon
739,,Sweater,Yellow,97.0,S,
740,,Dress,Red,,,Cotton
741,Reebok,,,58.0,XL,Wool
742,Adidas,Dress,Yellow,112.0,XXL,Silk
743,Nike,Jacket,White,19.0,M,
744,,Jeans,,12.0,XL,Nylon
745,Adidas,Shoes,Green,,,Polyester
746,New Balance,,Blue,118.0,XS,Silk
747,,Sweater,White,99.0,S,Denim
748,Under Armour,Jeans,Red,134.0,L,
749,Nike,Jacket,,127.0,XXL,Wool
750,,,Red,,XL,Cotton
751,Adidas,Jacket,Blue,100.0,,Denim
752,Puma,Sweater,Red,78.0,XL,Denim
753,,Jacket,Green,115.0,XS,
754,,,,20.0,S,Cotton
755,Under Armour,,Red,,,Polyester
756,Puma,T-shirt,White,114.0,S,Silk
757,Under Armour,Dress,,175.0,L,
758,Adidas,Shoes,Black,177.0,XS,Silk
759,Puma,Jacket,Yellow,170.0,S,Denim
760,New Balance,Shoes,Black,132.0,XS,Cotton
761,Adidas,Shoes,Yellow,43.0,XS,Cotton
762,Nike,Shoes,Black,164.0,,Polyester
763,Reebok,Dress,Red,109.0,M,Wool
764,Nike,Dress,Yellow,60.0,,Silk
765,Adidas,Dress,Yellow,98.0,XS,Denim
766,Under Armour,Dress,Black,30.0,M,Denim
767,New Balance,Jacket,Red,166.0,XXL,Cotton
768,Reebok,Jeans,Red,82.0,,Denim
769,Reebok,Jeans,Red,28.0,XL,Silk
770,Puma,Dress,Yellow,163.0,XS,Wool
771,New Balance,T-shirt,,162.0,S,Silk
772,Nike,Jeans,White,49.0,,Wool
773,New Balance,Jacket,White,133.0,S,Wool
774,Adidas,Jacket,Yellow,38.0,L,Nylon
775,Adidas,Jeans,,162.0,M,Polyester
776,Adidas,Jacket,Blue,156.0,XL,Silk
777,Adidas,Jacket,Blue,182.0,M,Wool
778,Under Armour,Sweater,Yellow,55.0,,Silk
779,New Balance,Jacket,Yellow,64.0,S,Cotton
780,Adidas,Jeans,Red,10.0,XXL,Polyester
781,Under Armour,Jeans,Red,148.0,L,Polyester
782,New Balance,Shoes,Blue,144.0,S,Cotton
783,Under Armour,Shoes,Blue,109.0,XXL,Cotton
784,Puma,T-shirt,Black,195.0,L,Silk
785,Puma,Dress,Red,157.0,XXL,Nylon
786,Nike,Jeans,Green,172.0,L,Silk
787,Adidas,Jacket,Black,60.0,,Silk
788,Under Armour,Shoes,Red,112.0,XL,Wool
789,Puma,Shoes,,30.0,XL,Silk
790,Adidas,T-shirt,Green,181.0,M,Polyester
791,Puma,Sweater,Yellow,128.0,XL,Denim
792,Puma,Shoes,Yellow,138.0,S,Nylon
793,Nike,T-shirt,Green,119.0,S,Cotton
794,Under Armour,Jacket,,115.0,XXL,Polyester
795,Under Armour,Jeans,White,150.0,XXL,Cotton
796,New Balance,T-shirt,Black,25.0,L,Wool
797,New Balance,Jacket,Green,128.0,M,Silk
798,Puma,Sweater,Yellow,43.0,XXL,Wool
799,Adidas,Shoes,Yellow,161.0,M,Cotton
800,New Balance,T-shirt,Yellow,150.0,M,Silk
801,Under Armour,Jacket,Blue,143.0,L,Denim
802,New Balance,Dress,Black,48.0,XL,Denim
803,Nike,Jeans,,11.0,XS,Silk
804,Under Armour,Jacket,Black,20.0,S,Wool
805,Nike,Dress,,16.0,L,Cotton
806,Adidas,Jeans,Blue,135.0,S,Nylon
807,New Balance,Shoes,Black,16.0,XL,Wool
808,Puma,Jeans,Blue,112.0,,Polyester
809,Adidas,Jeans,Blue,176.0,L,Polyester
810,New Balance,Dress,,85.0,L,Polyester
811,New Balance,T-shirt,Blue,124.0,,Cotton
812,Adidas,Shoes,Red,95.0,M,Polyester
813,Nike,Dress,Red,136.0,XS,Polyester
814,Adidas,Dress,White,124.0,L,Silk
815,Puma,Jacket,White,188.0,XS,Silk
816,Under Armour,Jacket,Black,61.0,XXL,Silk
817,Nike,Sweater,,12.0,,Cotton
818,New Balance,Dress,White,86.0,XXL,Polyester
819,Nike,Dress,White,167.0,S,Wool
820,Adidas,Sweater,Green,,XL,Polyester
821,Adidas,Dress,Red,125.0,XL,Silk
822,New Balance,Dress,Blue,,XS,Denim
823,Adidas,Sweater,,126.0,XXL,Polyester
824,Reebok,Sweater,White,191.0,M,Silk
825,Puma,Sweater,Red,53.0,L,Polyester
826,Adidas,Jeans,Yellow,,XL,Denim
827,Reebok,Jacket,White,72.0,XS,Cotton
828,Nike,Sweater,Green,86.0,L,Nylon
829,Puma,Jeans,Black,57.0,XL,Nylon
830,Reebok,Shoes,Yellow,86.0,XXL,Polyester
831,Nike,Jacket,Green,,XS,Wool
832,Under Armour,Sweater,Green,130.0,L,Polyester
833,Under Armour,Shoes,Green,28.0,M,Denim
834,Puma,Dress,Red,99.0,XS,Polyester
835,Reebok,Dress,Red,23.0,XS,Nylon
836,,Jacket,Yellow,102.0,,Polyester
837,Nike,T-shirt,Yellow,,XL,Polyester
838,Under Armour,Jacket,Blue,16.0,M,Silk
839,Under Armour,Jeans,Blue,110.0,XXL,Polyester
840,,Dress,Blue,58.0,M,Silk
841,New Balance,Shoes,Green,50.0,XXL,Cotton
842,New Balance,Shoes,Black,164.0,XS,Wool
843,New Balance,Dress,Blue,168.0,XXL,Polyester
844,Reebok,Sweater,Yellow,143.0,XS,Silk
845,,Jeans,Black,153.0,M,Denim
846,Puma,T-shirt,Blue,47.0,L,Denim
847,Under Armour,Jeans,Red,69.0,,Silk
848,Puma,Jeans,White,123.0,M,Denim
849,,Jeans,Blue,105.0,XL,Denim
850,Puma,Jeans,Blue,106.0,M,Polyester
851,Adidas,T-shirt,,42.0,,Nylon
852,Under Armour,Jeans,Green,72.0,XS,Nylon
853,Puma,T-shirt,Blue,148.0,XXL,
854,,Jacket,Green,150.0,,Polyester
855,Adidas,Shoes,Red,103.0,S,Nylon
856,New Balance,,,74.0,XS,Polyester
857,,Sweater,Black,,XS,Polyester
858,Nike,T-shirt,,100.0,S,
859,Nike,Shoes,Blue,160.0,XS,Silk
860,Puma,Shoes,Red,157.0,XL,Cotton
861,Puma,T-shirt,,143.0,XL,Polyester
862,Puma,,Yellow,,L,Nylon
863,Under Armour,Jeans,Green,93.0,XXL,Denim
864,,Sweater,Yellow,137.0,L,Polyester
865,Under Armour,Shoes,Green,15.0,M,Polyester
866,Nike,Shoes,,102.0,M,Silk
867,Reebok,,White,164.0,XL,Cotton
868,,Jeans,Blue,93.0,XS,Polyester
869,Reebok,Sweater,Green,150.0,XXL,Cotton
870,Adidas,T-shirt,Black,145.0,XXL,Nylon
871,Puma,Shoes,,190.0,S,Nylon
872,Nike,Jeans,Black,90.0,XXL,Denim
873,Puma,Jeans,Yellow,167.0,XL,Wool
874,Under Armour,Jeans,Yellow,10.0,L,Silk
875,New Balance,Jacket,Blue,,L,Nylon
876,Puma,Jeans,,141.0,L,Denim
877,,Dress,Blue,71.0,,
878,Reebok,Dress,,,XXL,Polyester
879,Adidas,T-shirt,Black,154.0,S,Nylon
880,Nike,,Green,122.0,L,Wool
881,Puma,Jacket,Black,,L,Denim
882,Puma,Sweater,Yellow,126.0,M,Silk
883,,Jeans,White,66.0,XS,
884,Under Armour,Dress,White,,,Wool
885,,,Blue,194.0,XS,
886,Reebok,Dress,Red,,S,Silk
887,,Dress,Blue,155.0,L,Silk
888,Puma,Jeans,Red,,M,Polyester
889,Under Armour,Dress,White,,XS,
890,Under Armour,,Yellow,19.0,S,Silk
891,Nike,T-shirt,White,89.0,,Polyester
892,,Jacket,White,171.0,L,Silk
893,New Balance,Jacket,,142.0,S,Wool
894,,Sweater,Green,154.0,XXL,Silk
895,Under Armour,,Green,,,
896,Under Armour,Jacket,Blue,72.0,XS,Silk
897,Adidas,Jeans,,33.0,XL,Silk
898,,Jacket,White,,,Cotton
899,Nike,T-shirt,Blue,120.0,XL,Cotton
900,Under Armour,Dress,Red,,S,Denim
901,Reebok,T-shirt,Blue,32.0,M,
902,Under Armour,Jacket,,,M,Cotton
903,Puma,Jacket,White,,M,Denim
904,Nike,T-shirt,Red,90.0,L,Wool
905,Nike,Shoes,,165.0,XS,Denim
906,Adidas,Sweater,White,57.0,XL,
907,Reebok,Sweater,Blue,,L,Cotton
908,Adidas,Jacket,,21.0,S,Polyester
909,Nike,Sweater,Red,88.0,S,
910,New Balance,T-shirt,Yellow,40.0,XXL,Denim
911,Reebok,Dress,,100.0,XXL,Silk
912,Under Armour,Jacket,Red,,L,Cotton
913,Under Armour,Jeans,,64.0,XXL,
914,,Shoes,White,91.0,XL,Silk
915,Reebok,Sweater,Green,173.0,,Cotton
916,,Sweater,,81.0,XXL,
917,Under Armour,Jeans,Yellow,119.0,XXL,Silk
918,,Shoes,Red,69.0,XXL,Cotton
919,Under Armour,Jeans,White,122.0,XS,Cotton
920,Under Armour,Shoes,White,175.0,,
921,,T-shirt,,78.0,XL,Silk
922,,Shoes,Blue,191.0,XXL,Wool
923,Adidas,T-shirt,Blue,23.0,XS,Polyester
924,Adidas,Sweater,Red,111.0,L,
925,,Shoes,Blue,29.0,,Cotton
926,Adidas,Dress,,117.0,XS,Wool
927,,T-shirt,Black,18.0,XXL,Nylon
928,Nike,Shoes,Yellow,106.0,XS,
929,Under Armour,T-shirt,White,134.0,,Silk
930,,Jacket,,110.0,XL,Wool
931,Reebok,,,139.0,,
932,Puma,Jacket,Yellow,167.0,M,Wool
933,Nike,,Yellow,143.0,S,Polyester
934,New Balance,Dress,Black,178.0,M,Polyester
935,Under Armour,Sweater,Red,160.0,XXL,Denim
936,Adidas,Jeans,Blue,40.0,S,Denim
937,Nike,,Blue,29.0,,Nylon
938,Nike,T-shirt,Red,14.0,S,Cotton
939,New Balance,Dress,Red,158.0,XXL,Polyester
940,,,Yellow,116.0,,Denim
941,Reebok,Dress,Yellow,84.0,,Polyester
942,New Balance,T-shirt,White,133.0,L,Polyester
943,Under Armour,,Green,70.0,M,Polyester
944,,Shoes,Yellow,103.0,M,Denim
945,Reebok,Shoes,Red,179.0,,Denim
946,Puma,,Green,50.0,S,Nylon
947,,Dress,Yellow,198.0,S,Wool
948,Puma,Shoes,Blue,189.0,L,Silk
949,Under Armour,,Yellow,50.0,XS,Silk
950,Nike,Sweater,Yellow,69.0,S,Wool
951,,,Yellow,39.0,S,Cotton
952,Puma,Jacket,,104.0,,Nylon
953,Reebok,,Black,175.0,XS,Nylon
954,,Sweater,Red,136.0,L,Polyester
955,Under Armour,,Green,26.0,S,Wool
956,New Balance,T-shirt,Red,109.0,,Polyester
957,Reebok,,,177.0,XS,Silk
958,Puma,T-shirt,Blue,167.0,S,
959,,Jeans,,75.0,L,Wool
960,Puma,,White,33.0,M,Silk
961,Reebok,Sweater,Red,,,Denim
962,Puma,Jeans,White,97.0,,
963,,Jacket,Blue,47.0,XL,Polyester
964,Under Armour,,,121.0,XL,Nylon
965,Reebok,Dress,Blue,,XL,Wool
966,Adidas,Jacket,Red,99.0,,
967,,T-shirt,Green,144.0,M,Silk
968,Nike,,Red,111.0,M,Cotton
969,Adidas,Jacket,,51.0,M,Denim
970,Reebok,Dress,Blue,155.0,,Cotton
971,,T-shirt,Red,122.0,S,Wool
972,Nike,Dress,White,53.0,M,Nylon
973,Adidas,,White,,M,
974,,Sweater,Red,128.0,L,Polyester
975,Puma,Shoes,Red,157.0,XS,Cotton
976,Adidas,Sweater,Blue,32.0,L,
977,Nike,Dress,Black,,XS,Nylon
978,Reebok,Dress,Red,149.0,XL,Wool
979,Reebok,Jacket,Yellow,21.0,L,Silk
980,Reebok,,Blue,171.0,XL,Denim
981,,Jeans,Black,,XS,
982,Puma,Shoes,,129.0,L,Wool
983,Reebok,Sweater,Black,36.0,XS,Denim
984,New Balance,,Green,58.0,,Denim
985,,Jacket,,,XL,Polyester
986,Puma,Dress,Blue,106.0,XS,
987,New Balance,Jacket,Yellow,,S,Silk
988,,,Blue,92.0,,Wool
989,Under Armour,Jacket,,97.0,L,Wool
990,Puma,Dress,Black,159.0,,Nylon
991,,Jacket,,,M,Silk
992,Under Armour,,Red,18.0,,
993,Puma,,Blue,20.0,S,Cotton
994,,Sweater,Green,,,Cotton
995,New Balance,Jeans,Black,48.0,M,Polyester
996,,Jeans,Black,,,Polyester
997,Puma,,Red,110.0,XXL,Silk
998,Reebok,Sweater,Blue,127.0,XS,Denim
999,Under Armour,Sweater,Black,69.0,,Denim
1000,,Jacket,,174.0,XS,Wool
